<?xml version="1.0" encoding="UTF-8" standalone="yes"?>
<addon id="repository.space2walker" name="Space Dev Repo" version="1.0.0" provider-name="Space2Walker">
	<extension point="xbmc.addon.repository" name="Space Dev Repo">
		<info compressed="false">https://raw.githubusercontent.com/Space2Walker/kodi-space-repo/leia/addons.xml</info>
		<checksum>https://raw.githubusercontent.com/Space2Walker/kodi-space-repo/leia/addons.xml.md5</checksum>
		<datadir zip="true">https://raw.githubusercontent.com/Space2Walker/kodi-space-repo/leia</datadir>
	</extension>
	<extension point="xbmc.addon.metadata">
		<summary>Space2Walkers Development Repo</summary>
		<description>This repository contains addons that are for adults only. You may only view the contents of this repository if you are at least 18 years of age, or at least the age of majority in the jurisdiction where you reside or from which you access this content.</description>
		<disclaimer>The owners and submitters to this repository do not host or distribute any of the content displayed by these addons nor do they have any affiliation with the content providers.</disclaimer>
		<platform>all</platform>
	</extension>
</addon>
