<?xml version="1.0" encoding="UTF-8"?>
<addon id="plugin.video.wrestling24"
version="0.0.4"
name="Wrestling 24"
provider-name="Lord Grey">
<requires>
  <import addon="xbmc.python" version="2.26.0"/>
  <import addon="script.module.beautifulsoup4" version="4.5.3"/>
  <import addon="script.module.requests" version="2.19.1"/>
  <import addon="script.module.urlresolver" version="2.10.0" />
</requires>
<extension point="xbmc.python.pluginsource" library="main.py">
  <provides>video</provides>
</extension>
<extension point="xbmc.addon.metadata">
  <summary lang="en">Watch all the WWE related stuff!!</summary>
  <description lang="en_GB">A plugin to watch Watchwrestling24.net Content in Kodi</description>
  <disclaimer lang="en_GB">None of the content is hosted by me. This addon only scrapps watchwrestling24.net for links.</disclaimer>
  <assets>
    <icon>icon.png</icon>
    <fanart>fanart.jpg</fanart>
  </assets>
  <news>Updated with latest artwork metadata</news>
</extension>
</addon>
