<?xml version="1.0" encoding="UTF-8"?>
<addon id="plugin.video.chaturbate"
	   version="0.0.9"
	   name="Chaturbate"
	   provider-name="Lord Grey">
<requires>
  <import addon="xbmc.python" version="2.26.0"/>
	<import addon="script.module.beautifulsoup4" version="4.5.3"/>
	<import addon="script.module.requests" version="2.19.1"/>
</requires>
<extension point="xbmc.python.pluginsource" library="main.py">
  <provides>video</provides>
</extension>
<extension point="xbmc.addon.metadata">
  <summary lang="en">Chaturbate.com Plugin for Kodi</summary>
  <description lang="en_GB">A plugin to watch Chaturbate Streams in Kodi</description>
  <disclaimer lang="en_GB">Streams are provided by www.chaturbate.com.</disclaimer>
  <assets>
    <icon>icon.png</icon>
    <fanart>fanart.jpg</fanart>
  </assets>
	<news>Working as of 2020-02-23</news>
</extension>
</addon>
